EID,NAME,ADDR1,ADDR2,CITY,PHONE,EMAIL,DOB,DOJ
1001,RAMESH GUPTA,SECTOR 7,Rohini,DELHI,9999002727,RK@YAHOO.CO.IN,9/1/90,3/15/12
1002,Sandeep Sharma,SECTOR 2,PALAM,GURGAON,9567890010,SAM1@YAHOO.COM,9/15/95,3/15/12
1003,Rajesh Sharma,Sector 11,Dwarka,DELHI,9999001001,RSharma56@gmail.com,3/16/01,4/1/12
1004,Yogeshwar Sharma,Sector 11,Dwarka,DELHI,8899001001,YSharma@gmail.com,9/25/89,5/10/12
1005,Manoj Kumar,B320,Janakpuri,DELHI,9999912399,mKumar@gmail.com,7/1/85,11/7/12
1006,Rohit Gupta,A32/620 Main Road,Sector 56,GURGAON,8899001123,rgupta@gmail.com,3/31/92,5/10/12
1007,Kapil Sharma,Jay Maa Apartments Flat 32,Sector 72,PUNE,9999001099,kSharma@gmail.com,9/28/87,5/10/12
1008,Archna Sharma,5C Karanpur,NP Road,PUNE,9899249700,ASharma@gmail.com,5/10/85,1/1/13
1009,Ranjeeta Goyal,Flat No 6A,Rajpur Road,DEHRADUN,9999002700,rgoyal@gmail.com,12/31/89,2/10/13
1010,Komal Singh,Sector 64,Old Gurgaon Road,GURGAON,7285912349,ksing@gmail.com,3/31/90,5/10/13
1011,AMIT KAPOOR,B2/45 DDA FLATS,JANAKPURI,DELHI,989970701,RK2@GMAIL.COM,1/1/92,1/4/15
1012,MONIKA ARORA,B1/45,JANAKPURI,DELHI,999999234,MA@GMAIL.COM,1/1/82,1/4/15
1013,ROHAN KUMAR,B305,RAJOURI GARDEN,DELHI,9811098110,RK@GMAIL.COM,10/10/98,1/4/16
1014,RAJAT KUMAR,HNO-B205,SECTOR 62,NOIDA,9811098115,RAJATK@GMAIL.COM,10/10/98,1/4/16
1015,ABHISHEK SHARMA,C2-101,JANAKPURI,DELHI,9898989800,AB@GMAIL.COM,10/11/82,3/5/18
1019,RAJAT KAPOOR,B501/1 POCKET 1,JANAKPURI,DELHI,9899256570,RJT@YAHOO.CO.IN,10/11/83,3/1/18
1020,Rohan Kumar,B-256,RAJOURIGARDEN,DELHI,9898999987,RKUMAR@GMAIL.COM,10/10/89,1/2/17
1021,Lalit Sharma,C2-401,Janak Puri,DELHI,9898999989,ls@GMAIL.COM,10/12/89,1/2/17
1022,Monika Bajaj,DLF,Phase 5,GURGAON,9898101089,MBAJAJ@GMAIL.COM,10/12/92,1/2/16
1023,Devender Kapoor,E102/3 Pocket 1 Sector 3,Dwarka,DELHI,9899346907,dk@yahoo.co.in,10/10/82,2/25/18
1024,Ravinder Kumar,B302-Jay Maa Apt,Dwarka,DELHI,9899768756,rk@yahoo.com,10/10/85,10/10/18
1025,GAURAV GUPTA,D41-Jay Maa Apt,Dwarka,DELHI,9899768788,gk@yahoo.co.in,12/10/87,10/15/18
1026,David,M121/4,Vatika Tower,PUNE,9999999988,dd@gmail.com,12/17/87,10/16/18
1027,KONIKA KAPOOR,C2-431,SUPERTECH,PUNE,8888909970,KK@YAHOO.CO.IN,10/10/80,1/6/18
1028,RAJAT SHARMA,"SECTOR 11 , POCKET 2",ABCD,PUNE,9999999987,RS@GMAIL.COM,1/14/89,1/1/19
1029,ROHIT KAPOOR,450 DLF ,PHASE 2,GURGAON,8880008800,RS01@GMAIL.COM,10/10/88,4/3/17
1030,KONIKA SHARMA,DDA SFS FLAT,POCKET 2,PUNE,999900880,KS@YAHOO.CO.IN,10/10/90,4/3/17
1031,AVIKANT GUPTA,B-305 ,DLF PHASE 2,GURGAON,9999009876,AG30@GMAIL.COM,10/10/89,4/10/18
1032,ROSHANLAL TIWARI,1024,PALAM VIHAR 2,GURGAON,9999000099,RT31@YAHOO.CO.IN,10/5/89,4/10/18
1033,MONIKA KAPOOR,A401 PRAGYA APARTMENTS,DWARKA SEC 3,DELHI,9900000212,MK32@YAHOO.CO.IN,1/1/92,4/12/18
1034,ANJAN SINGH,A212/5 ,PALAM VIHAR 5,GURGAON,9912340090,AS32@YAHOO.COM,10/7/89,4/12/18
1035,MANOJ TIWARI,B-402,PALAM VIHAR -2,GURGAON,9999999087,MT34@YAHOO.CO.IN,10/5/90,12/12/18
1036,ROBERT,267,UDYOG VIHAR 2,PUNE,9999000011,RBT@YAHOO.CO.IN,10/15/89,12/12/18
1037,MIKE,C2-141,VASANT VIHAR,PUNE,8800000078,MIKE@YAHOO.COM,10/21/89,12/12/18
1038,RAJAT MAHAJAN,B321 POCKET 1,SECTOR 62,NOIDA,9899654540,RM@YAHOO.CO.IN,12/4/91,1/1/19
1039,ROHIT GUPTA,4219 POCKET 2,SECTOR 15,PUNE,9899600041,rg@YAHOO.CO.IN,12/5/91,1/1/19
1040,SAMEER SHARMA,B401 JYA MAA APT,SECTOR 5 DWARKA,DELHI,9899600099,SS@GMAIL.COM,1/1/90,1/2/19
1041,DEEPANKAR SHARMA,302/2 ,RAJPUR ROAD,DEHRADUN,9999008987,DS@GMAIL.COM,4/5/91,1/4/19
1042,AKHILESH MUNJAL,B101 ,PACHIM VIHAR,PUNE,9999008111,AM@GMAIL.COM,5/5/91,1/4/19
1043,GAGAN KAPOOR,C2/15,JANAK PURI,DELHI,9877687657,GK@GMAIL.COM,10/10/89,1/10/01
1044,GAGAN KAPOOR,C2/15,PALAM VIHAR,GURGAON,9877000657,GK01@GMAIL.COM,10/10/91,1/10/01
1045,RAJAT SHARMA,A101,RAJPUR ROAD,DEHRADUN,9888786540,RS@EMAIL.COM,5/10/91,2/2/19
1046,KOMAL KAPOOR,B2-101 ,SECTOR 62,NOIDA,9888221140,KK@GMAIL.COM,12/10/91,2/2/19
1047,MANIK NARULA,B301,SECTOR 2,PUNE,9888767567,MN@GMAIL.COM,1/15/92,2/2/19
1048,MOHIT SHARMA,A4/32,SECTOR 16,PUNE,9111000567,MS01@GMAIL.COM,5/12/92,5/2/19
1049,RAVINDER KAPOOR,B302 PRAGYA APT,SECTOR 2 DWARKA,DELHI,9111000111,RK01@GMAIL.COM,12/12/94,5/6/19
1050,ABHAS KUMAR SHARMA,A61,SECTOR 2,PUNE,7677567690,AS50@YAHOO.CO.IN,1/1/97,6/6/19
1051,RONITA,C4/104,JANAK PURI,DELHI,767756111,RONI@YAHOO.CO.IN,1/1/99,6/7/19
1052,MAHENDER SINGH,B62 ,SECTOR 2,PUNE,9899099098,MS52@OUTLOOK.COM,1/4/84,7/7/19
1053,Ainul,DLF PHASE 2,SECTOR 5,GURGAON,9818009010,AI53@OUTLOOK.COM,1/4/80,7/8/19
1054,RANJITA SHARMA,POCKET 2,SECTOR 13 DWARKA,DELHI,9999898870,RA54@OUTLOOK.COM,10/1/98,8/8/19
1055,ASHUTOSH KUMAR,B2/204,JANAK PURI WEST,DELHI,9991111170,AK55@OUTLOOK.COM,10/1/98,8/8/19
1056,RAJEEV SHARMA,B203 STREET NO 6,RAJEDER NAGAR ,PUNE,9787756760,RS56@OUTLOOK.COM,12/12/98,9/9/19
1057,ABHINAV GHOSH,HNO 305,SECTOR 15,PUNE,9787777700,AG57@OUTLOOK.COM,1/1/98,9/9/19
1058,PUMMY SINGH,TEACHERS COLONY,SECTOR 17,CHANDIGARH,9899675470,PUM58@OUTLOOK.COM,1/1/99,9/9/19
1059,AMAN MUDGAL,B502 - POLICE COLONY,PRETAMPURA,PUNE,9999787860,AM59@GMAIL.COM,10/10/89,12/12/19
1060,GAURAV GUPTA,HOUSE NO  305,RAJENDER PARK,DEHRADUN,9999008989,GG61@GMAIL.COM,1/1/87,12/12/19
1061,RAGHUVEER SINGH,B72/3 TEACHERS COLONY,SECTOR 25,CHANDIGARH,9899787870,RS61@OUTLOOK.COM,10/1/97,12/12/19
1062,ABHISHEK KUMAR,4231,DLF PHASE 3,GURGAON,9899781111,AK62@OUTLOOK.COM,12/3/99,12/15/19
1063,GAGAN KAPOOR,256 UDYOUG VIGAR,SECTOR 12,GURGAON,9999808070,GK63@OUTLOOK.COM,10/10/98,12/21/19
1064,RAJ KUMAR,HNO 120 LANE 6,SECTOR 12,GURGAON,9899898980,RK64@GMAIL.COM,12/12/89,12/20/19
1065,SANDEEP SHARMA,SECTOR 32,GEETA COLONY,CHANDIGARH,9899898970,SS065@GMAIL.COM,12/25/89,12/25/19
1066,ABHISHEK BHIST,"HNO 420, SIDDHARTH COLONY",GORE GAON,PUNE,9899898909,AB66@OUTLOOK.COM,1/1/98,12/26/19
1067,CHARAN PRASAD,256/1 TEACHERS COLONY,MINAR ROAD,CHANDIGARH,8686446163,hcprasad09@gmail.com,9/10/92,1/1/20
1068,SUNANDA SHARMA,HNO 120 LANE NO 6,RAJEBDER NAGAR,PUNE,8988989877,SUNANDA@GMAIL.COM,10/4/90,1/1/20
1069,GOPI CHARAN,HNO 1271/4,ANDHARI WEST,MUMBAI,8988900011,GC@GMAIL.COM,3/4/90,1/1/20
1070,ANJANI RAO,420/5 GEETA COLONY,ANDHARI WEST,MUMBAI,9999009090,ARA0@GMAIL.COM,10/10/99,1/1/20
1071,HARDIK SHARMA,4035 GOPALDAS BUILDING,ANDHARI EAST,MUMBAI,9999000056,HS071@OUTLOOK.COM,3/15/97,1/2/20
1072,SARVAN KUMAR,SECTOR 12,DWARKA,DELHI,8899880976,SK71@OUTLOOK.COM,10/10/91,2/2/20
1073,RAJAN SOOD,267 UDYOG VIHAR,PHASE 2,GURGAON,9876565643,RS073@OUTLOOK.COM,10/10/89,2/3/20
1074,AJAY SHRISTAVA,SURBHI APARTMENTS,DWARKA SEC 22,DELHI,9888989071,SHRIA74@OUTLOOK.COM,10/10/99,3/13/20
1075,AJAY MALIK,C2-151,GEETA COLONY,CHANDIGARH,9877876543,AJAY075@OUTLOOK.COM,11/10/99,1/4/20
1076,YAHOO SINGH,HNO120 LANE 13,ANDHARI EAST,MUMBAI,9099897654,YAHOO76GMAIL.COM,1/1/98,4/3/20
1077,AJAY MALIK,HNO50/4,RAJPUR ROAD,DEHRADUN,9899098765,AM77@GMAIL.COM,10/10/97,4/5/20
1078,ALBERT SON,HNO 120 LANE 4,H.K. VILLAGE,PUNE,9899090909,ALBERT@YAHOO.COM,1/10/97,4/13/20
1079,ROBERT BEN,B2/65 LANE 6,PARK STREET,PUNE,9999009987,RBEN@OUTLOOK.COM,10/1/98,4/15/20
1080,MUKESH BANSAL,HNO150 BLOCK 4,RADHIKA APARTMENTS,PUNE,9899990909,MB80@OUTLOOK.COM,10/10/95,5/17/20
1081,PRASHANT MISHRA,DLF PHASE 2,INDRAPURAM,GURGAON,9811235654,PM@GMAIL.COM,9/10/95,4/19/00
1082,AKBHAR AHMED,HNO 110 LANE 5,RAMA APARTMENTS,PUNE,9811343210,AA@GMAIL.COM,10/10/94,4/25/00
1083,RITIKA GUPTA,RAMA APARTMENTS,SECTOR 17,CHANDIGARH,9877878765,RITIKA@GMAIL.COM,10/1/90,4/26/20
1084,ARTI SONI,NAVYOG APARTMENTS, SECTOR 5 DWARKA,DELHI,9999876543,AS@GMAIL.COM,3/10/89,4/30/20
1085,AJAY MALIK,HNO125,RAJPUR ROAD,DEHRADUN,9811454531,AM85@GMAIL.COM,5/7/90,5/1/20
1086,ROHAN SAINI,H26-LANE 4,RAJOURI GARDEN,DELHI,9899765432,RS86@GMAIL.COM,1/10/91,5/2/20
1087,ROSHAN SOOD,B2/13,SECTOR 17,CHANDIGARH,98111465631,RSOOD@OUTLOOK.COM,5/13/90,5/6/21
1088,SANJAY GOYAL,B26/1,MODEL TOWN,PUNE,98000124310,SGOYAL@YAHOO.COM,1/12/89,5/7/20
1089,SANJEEV SINGH,"B301, NEAR GURUDWARA",SECTOR 3 DWARKA,DELHI,9899267890,SSINGH@GMAIL.COM,1/10/90,5/8/20
1090,RAVINDER SING,120/3,SECTOR 5,GURGAON,9811456542,RS90@GMAIL.COM,5/13/89,5/9/20
1091,GAGAN SHARMA,B502,ANDHARI WEST,MUMBAI,9811098760,GSHARMA@GMAIL.COM,5/10/98,5/9/20
1092,GAGANDEEP SINGH,HNO 150 LANE 1,SECTOR 5,GURGAON,98111099876,GS92@GMAIL.COM,10/1/89,5/10/20
1093,AJAY MALIK,"HNO NO 120, STREET 6",RAJENDER NAGAR,DEHRADUN,9800245670,AJAY@GMAIL.COM,5/6/85,5/11/20
1094,BALDEEP SINGH,SECTOR 3,GGR COLONY,PUNE,98111897610,BS93@GMAIL.COM,5/10/90,5/11/20
1095,RAMAN VERMA,HIG SOCIETY,SECTOR 17,CHANDIGARH,9811098765,RVERMA95@YAHOO.CO.IN,1/13/99,5/12/20
1096,AVINASH GUPTA,HNO. 256,RAJPUR ROAD,DEHRADUN,98111909890,AG96@GMAIL.COM,5/10/97,5/14/20
1097,MANDEEP SHARMA,STREET NO 6,RAJENDER NAGAR,DEHRADUN,9999880978,MS97@GMAIL.COM,5/18/98,5/14/21
1098,ROHAN SAHANI,HNO 120 ,SECTOR 5,GURGAON,9811897654,RS@OUTLOOK.COM,5/13/95,5/17/20
1099,ABHISHEK SINGH,HNO 110,LINK ROAD,PUNE,9999999989,ASINGH@OUTLOOK.COM,6/18/98,5/18/20
1100,PARMINDER SINGH,B32/8,RAJENDER PARK,DEHRADUN,9811898760,PARAM@GMAIL.COM,5/12/98,5/19/20
1101,RAVINDER SINGH,"HNO 10, BLOCK A",TEACHERS COLONY,CHANDIGARH,9899098123,RSINGH@GMAIL.COM,5/13/99,5/20/20
1102,AJAY MALIK,"HNO 120, STREET 6",RAJENDER NAGAR,DEHRADUN,9811111120,AJAYM@GMAIL.COM,5/15/97,5/21/20
1103,KULDEEP SINGH,145/7 LANE 6,RAJENDER NAGAR,DEHRADUN,9899090100,KS@GMAIL.COM,5/18/95,5/22/20
1104,ABHISHEK KUMAR,RAMA APARTMENTS,SECTOR 11 DWARKA,DELHI,9811111180,AK@GMAIL.COM,5/20/97,5/23/20
1105,ABHINAV KUMAR,BLOCK 5,DLF PHASE 2,GURGAON,9999998765,AK05@GMAIL.COM,6/13/97,5/24/20
1106,RAVINDER RAWAT,"HNO 120 , STREET 6",RAJENDER NAGER,DEHRADUN,9999009999,RRDDN@GMAIL.COM,10/10/94,5/26/20
1107,KAPIL GUPTA,245 UDYOG VIHAR,PHASE 5,GURGAON,9811765651,KG07@GMAIL.COM,10/13/98,5/30/20
1108,AVADH KUMAR,RAMA APARTMENTS,SECTOR 11,PUNE,9811455460,AK08@GMAIL.COM,5/10/90,6/1/20
1109,ANKIT SHARMA,HNO 120,SECTOR 68,PUNE,9099765432,AS09@GMAIL.COM,1/13/90,6/2/20
1110,RAJ KUMAR,OM SATYAM APARTMENTS,SECTOR 3 DWARKA,DELHI,9899765430,RK10@OUTLOOK.COM,1/13/93,6/3/20
1111,ARVIND KUMAR,HNO 360 LANE 5,PALAM COLONY,PUNE,9811987650,AK11@GMAIL.COM,1/12/97,6/4/20
1112,RANJEET SINGH,HNO 120,SECTOR 62,GURGAON,9899876890,RANJEET@GMAIL.COM,7/15/96,6/5/20
1113,PROMOD GUPTA,"HNO-5, STREET 6",RAJENDER NAGAR,DEHRADUN,9899090123,PG13@GMAIL.COM,7/13/94,6/6/20
1114,AMIT SOOD,HNO 510,SECTOR 17D,GURGAON,9811787761,ASOOD@GMAIL.COM,7/17/95,6/7/20
1115,VINAY SING,HNO 120 STREET NO 6,RAJENDER NAGER,DELHI,9811213240,VSINGH@GMAIL.COM,8/13/95,6/8/21
1116,AKILESH BIST,HNO341/3,SECTOR 78,NOIDA,98111765401,ABIST@GMAIL.COM,8/13/94,6/9/21
1117,SHASHI JUYAL,PLOT NO 95 SECTOR 4,RAJENDER NAGAR,DELHI,9999911087,SHASHI@GMAIL.COM,8/10/93,5/10/21
1118,GAURAV SHARMA,HNO.267,SECTOR 17,GURGAON,9811786510,GSHARMA02@GMAIL.COM,8/10/95,7/9/20
1119,PAVAN KUMAR,HNO 256,SECTOR 28,GURGAON,9811454314,PAVAN@GMAIL.COM,8/25/94,7/10/20
1120,NAVAL KISHOR,256 PREET VIHAR,EAST DELHI,DELHI,9811118010,NK20@GMAIL.COM,9/5/93,7/10/20
1121,JITENDRA KUMAR,SECTOR 78,MAHAGUN APARTMENTS,NOIDA,9800907650,JK21@GMAIL.COM,9/13/93,7/11/20
1122,NAVEEN KUMAR,4-CHANDER ROAD ,DALANWALA,DEHRADUN,9811234567,NK22@GMAIL.COM,9/28/95,7/12/20
1123,ABHINAV SINGH,459 UDYOG VIHAR,PHASE 2,GURGAON,98111767098,ABHINAVS@GMAIL.COM,10/1/97,7/13/20
1124,AMIT AGARWAL,HNO 120,PALAM COLONY,GURGAON,9876543432,AMIT@GMAIL.COM,10/10/92,7/14/20
1125,RAVINDER RANA,C2/10,DLF PHASE 2,GURGAON,9877654543,RRANA@GMAIL.COM,10/13/95,7/15/20
1126,DAINEL BOSE,SUSHANT LOK,PHASE 2,GURGAON,9811111190,DB26@OUTLOOK.COM,10/10/92,7/16/20
1127,NEHA RAWAT,5 CEMENT ROAD,KARANPUR,DEHRADUN,9811233210,NEHA@GMAIL.COM,10/10/95,7/16/20
1128,NIDHI KHURANA,DLF PASE 2,SECTOR 18,GURGAON,9899091111,NIDHIK@GMAIL.COM,6/10/91,7/17/20
1129,AMIT GUPTA,SECTOR 11,DWARKA,DELHI,9999990987,AG29@GMAIL.COM,3/13/95,7/20/00
1130,AKETA GUPTA,B32 JAY MAA APARTMENTS,"SECTOR 5, DWARKA",DELHI,9811123210,AKETAG30@GMAIL.COM,6/10/92,7/20/20
1131,ABHISHEK RAWAT,HNO 120 STREET 4,ARYA NAGAR,DEHRADUN,9811156434,AR@GMAIL.COM,1/13/95,7/21/20
1132,NAVEEN BHATT,25 RAJENDER NAGAR,STREET 6,DEHRADUN,98111432150,NBHATT@GMAIL.COM,1/1/90,7/22/20
1133,NAVAL KISHOR,FLAT NO 134,YAMUNA VIHAR,DELHI,9899234315,NK33@YAHOO.COM,1/5/91,7/23/20
1134,ROHAN MALHOTRA,SURYA APARTMENTS,ANDHARI,MUMBAI,9899245432,RM34@GMAIL.COM,3/14/93,7/24/20
1135,ABHISHEK RANA,"HNO NO35, STREET 6",ARYA NAGAR,DEHRADUN,9877676550,ARANA@GMAIL.COM,6/13/95,7/25/20
1136,RAJAT MATHUR,RAJENDER VIHAR,EAST DELHI,DELHI,9899633258,RAJATM@GMAIL.COM,1/17/89,7/30/20
1137,ABHISHEK KHURANA,46 /1 STREET 6,RAJENDER NAGAR,DEHRADUN,9888887690,AKHURANA@GMAIL.COM,1/8/95,8/1/20
1138,KARUNA SHARMA,SECTOR 56,GC ROAD,GURGAON,9811654321,KSHARMA38@GMAIL.COM,1/1/93,8/10/20
1139,HARVAINDER KUMAR,GEETA COLONY,SECTOR 17,CHANDIGARH,9811212190,HK39@GMAIL.COM,1/10/94,8/20/20
1140,HARPEET KAUR,B2 GEETA APARTMENTS,SECTOR 17,CHANDIGARH,9911229870,HARPREET@GMAIL.COM,3/3/96,8/20/20
1141,GEETA CHOPRA,BALCO APARTMENTS,SECTOR 62,GURGAON,9811132310,CHOPRAG@GMAIL.COM,3/10/95,8/21/20
1142,PRIYANKA SINGH,HNO 156,SECTOR 7,CHANDIGARH,9811111220,ABC@GMAIL.COM,1/26/98,8/24/20
1143,MADAN NAGAR,GAUR CITY 2,SECTOR 79,NOIDA,9788754650,MAN@GMAIL.COM,10/29/92,8/26/20
1144,PROMOD KUMAR,DREAMS APARTMENTS,DWARKA SEC 21,DELHI,9199187560,PKUMAR@GMAIL.COM,3/12/95,8/27/20
1145,AVAD KUMAR,GAUR CITY,SEC 78,NOIDA,9000876908,AK45@GMAIL.COM,10/12/97,8/29/20
1146,MANPREET KAUR,ARMY COLONY,SECTOR 17,CHANDIGARH,9999001100,MAN@YAHOO.COM,10/10/97,8/30/20
1147,RAMANDEEP SINGH,"HNO NO 35, LANE 5",SECTOR 15,CHANDIGARH,9899999910,RAMAN@GMAIL.COM,3/20/95,9/1/20
1148,PRIYANKA KAPOOR,SECTOR 90,VATIKA GREENS,GURGAON,9999000006,PK48@GMAIL.COM,2/14/99,9/5/20
1149,SHASHI BHATT,HNO 36 LANE NO 5,GMS ROAD,DEHRADUN,9811111102,SHASHI@YAHOO.COM,2/24/95,9/6/20
1150,GIRANDER RAWAT,"HNO 5, STREET NO 6",ARYA NAGAR,DEHRADUN,9999009789,RAWATG@GMAIL.COM,2/13/96,9/7/20
1151,KARAN THAKUR,GAUR CITY,SECTOR 62,NOIDA,9777474100,KARAN@YOHOO.COM,2/17/94,9/8/20
1152,RAJANI MEHTA,GAUR CITY2,SECTOR 78,NOIDA,9899696969,RM25@GMAIL.COM,2/26/98,9/9/20
1153,KAMAL GULATI,B32 BLOCK C,RAJOURI GARDEN,DELHI,9811111110,KAMAL@GMAIL.COM,2/28/95,9/10/20
1154,PAWAN SACHDEV,240/4 BLOCK D,VASANT KUNJ,DELHI,9811115520,PAWANSACH@GMAIL.COM,3/15/92,9/15/20
1155,PUMMY KAUR,RAJDHANI APARTMENTS,SECTOR 17 B,CHANDIGARH,9897488880,PUMMY@YAHOO.COM,10/13/99,9/16/20
1156,KAVITA GOYAL,5 CEMENT ROAD,KARAN PUR,DEHRADUN,9811789870,KGOYAL@GMAIL.COM,12/15/91,9/20/20
1157,RAVNEENA GUPTA,SECTOR 21,DWARKA,DELHI,9855146980,RGUPTA@YAHOO.COM,3/12/91,9/21/20
1158,RAJANI SINGH,DREAMS APARTMENTS,DWARKA SECTOR 22,DELHI,9888589960,RAJANISINGH@GMAIL.COM,3/27/95,9/30/20
1159,PARAMJEET SINGH,RAMA APARTMENTS,SECTOR 16B,CHANDIGARH,9899858580,PSINGH@YAHOO.COM,3/26/94,10/1/20
1160,SANJAY SHARMA,A1032 CROSSING REPUBLIC,SECTOR 78,NOIDA,98111458510,SSHARMA@GMAIL.COM,3/10/95,10/2/20
1161,ANKIT AGARWAL,B401 ECO VILLAGE 2,SECTOR 87,NOIDA,9811112203,AA61@GMAIL.COM,3/10/95,10/3/20
1162,INDERJEET SINGH,SUPER TECH ECO VILLAGE 2,SECTOR 68,NOIDA,9889807070,ISINGH@YAHOO.COM,4/12/95,10/4/20
1163,RONIKA SINGH,ECO VILLAGE 2,SECTOR 68,NOIDA,9811555590,RONISINGH@GMAIL.COM,4/1/96,10/5/20
1164,BALDEEP SINGH,DEV APARTMENTS,SECTOR 17 B,CHANDIGARH,9811000039,BSINGH@YAHOO.COM,5/26/95,10/6/20
1165,GOPI KUMAR,CROSSING REPUBLIC,SECTOR 78,NOIDA,98111676700,GOPI@GMAIL.COM,5/12/92,10/10/20